id,first_name,last_name,email,gender,ip_address,ssn,credit_card,bitcoin,street_address
1,Ario,Noteyoung,anoteyoung0@nhs.uk,Male,99.5.160.227,509-86-9654,5.60226E+15,179BsXQkUuC6NKYNsQkdmKQKbMBPmJtEHB,0227 Kropf Court
2,Minni,Endon,mendon1@netvibes.com,Female,213.62.229.103,765-11-9543,6.7613E+16,135wbMcR98R6hqqWgEJXHZHcanQKGRPwE1,90 Sutteridge Way
3,Bartie,Burnard,bburnard2@indiatimes.com,Male,72.201.118.162,332-20-4678,5.64182E+17,1Fkat6JVK1FqRuY77CLkeo31SQiBCXCda5,676 Myrtle Drive
4,Johannah,Cressey,jcressey3@etsy.com,Female,45.17.203.119,703-01-6592,3.5523E+15,1CbukdfRPxdG3mRjaAYTKVNXShpGAErEHB,6817 Independence Crossing
5,Aura,Glasscoe,aglasscoe4@reverbnation.com,Female,176.71.135.224,449-47-9263,3.53511E+15,138KcvLw9GcWsnEWCmRiytrvE9VBWg5m9J,42244 Rusk Pass
6,Godfree,Shalloo,gshalloo5@xing.com,Male,21.136.228.73,437-93-1698,4.04137E+12,1GgEGAcyK6Bge4ziduVbFdcwPZuvvRcwuw,786 Jana Road
7,Nevin,Juschka,njuschka6@sciencedirect.com,Male,249.76.10.122,518-33-6535,3.72301E+14,1Gs36xH9JoiCeEzxBhEmAqvCgbTX2BTXxc,11 Reinke Trail
8,Sigismondo,Garces,sgarces7@1und1.de,Male,158.63.104.140,742-53-1947,5.60225E+15,1PFMzC8YmDKHzhJraKMaa4FHnAq5EPhDCw,12531 Summer Ridge Point
9,Crystie,Balaisot,cbalaisot8@usatoday.com,Female,131.237.158.217,275-79-7133,3.74622E+14,187c286knPr4xEswZ1hMwizoWXqa2eE9zk,2 Katie Alley
10,Coleen,Coundley,ccoundley9@mayoclinic.com,Female,145.234.124.255,675-76-0063,6.33366E+18,1Jpo35dMGWR1FDCVfDy7ZA3vhLt2VfJFue,01852 5th Center
